INSERT INTO pod_1_table (username, pod_1_preference) VALUES
('User 1', 'User 2'),
('User 2', 'User 1'),
('User 3', 'User 4'),
('User 4', 'User 3'),
('User 5', 'User 6'),
('User 6', 'User 5'),
('User 7', 'User 8'),
('User 8', 'User 7'),
('User 9', 'User 10'),
('User 10', 'User 9'),
('User 11', 'User 12'),
('User 12', 'User 11'),
('User 13', 'User 14'),
('User 14', 'User 13'),
('User 15', 'User 16'),
('User 16', 'User 15'),
('User 17', 'User 18'),
('User 18', 'User 17'),
('User 19', 'User 20'),
('User 20', 'User 19'),
('User 21', 'User 22'),
('User 22', 'User 21'),
('User 23', 'User 24'),
('User 24', 'User 23'),
('User 25', 'User 26'),
('User 26', 'User 25'),
('User 27', 'User 28'),
('User 28', 'User 27'),
('User 29', 'User 30'),
('User 30', 'User 29'),
('User 31', 'User 32'),
('User 32', 'User 31'),
('User 33', 'User 34'),
('User 34', 'User 33'),
('User 35', 'User 36'),
('User 36', 'User 35'),
('User 37', 'User 38'),
('User 38', 'User 37'),
('User 39', 'User 40'),
('User 40', 'User 39'),
('User 41', 'User 42'),
('User 42', 'User 41'),
('User 43', 'User 44'),
('User 44', 'User 43'),
('User 45', 'User 46'),
('User 46', 'User 45'),
('User 47', 'User 48'),
('User 48', 'User 47'),
('User 49', 'User 50'),
('User 50', 'User 49'),
('User 51', 'User 52'),
('User 52', 'User 51'),
('User 53', 'User 54'),
('User 54', 'User 53'),
('User 55', 'User 56'),
('User 56', 'User 55'),
('User 57', 'User 58'),
('User 58', 'User 57'),
('User 59', 'User 60'),
('User 60', 'User 59'),
('User 61', 'User 62'),
('User 62', 'User 61'),
('User 63', 'User 64'),
('User 64', 'User 63'),
('User 65', 'User 66'),
('User 66', 'User 65'),
('User 67', 'User 68'),
('User 68', 'User 67'),
('User 69', 'User 70'),
('User 70', 'User 69'),
('User 71', 'User 72'),
('User 72', 'User 71'),
('User 73', 'User 74'),
('User 74', 'User 73'),
('User 75', 'User 76'),
('User 76', 'User 75'),
('User 77', 'User 78'),
('User 78', 'User 77'),
('User 79', 'User 80'),
('User 80', 'User 79'),
('User 81', 'User 82'),
('User 82', 'User 81'),
('User 83', 'User 84'),
('User 84', 'User 83'),
('User 85', 'User 86'),
('User 86', 'User 85'),
('User 87', 'User 88'),
('User 88', 'User 87'),
('User 89', 'User 90'),
('User 90', 'User 89'),
('User 91', 'User 92'),
('User 92', 'User 91'),
('User 93', 'User 94'),
('User 94', 'User 93'),
('User 95', 'User 96'),
('User 96', 'User 95'),
('User 97', 'User 98'),
('User 98', 'User 97'),
('User 99', 'User 100'),
('User 100', 'User 99');

INSERT INTO pod_2_table (username, pod_2_preference) VALUES
('User 1', 'User 3'),
('User 2', 'User 4'),
('User 3', 'User 1'),
('User 4', 'User 2'),
('User 5', 'User 7'),
('User 6', 'User 8'),
('User 7', 'User 5'),
('User 8', 'User 6'),
('User 9', 'User 11'),
('User 10', 'User 12'),
('User 11', 'User 9'),
('User 12', 'User 10'),
('User 13', 'User 15'),
('User 14', 'User 16'),
('User 15', 'User 13'),
('User 16', 'User 14'),
('User 17', 'User 19'),
('User 18', 'User 20'),
('User 19', 'User 17'),
('User 20', 'User 18'),
('User 21', 'User 23'),
('User 22', 'User 24'),
('User 23', 'User 21'),
('User 24', 'User 22'),
('User 25', 'User 27'),
('User 26', 'User 28'),
('User 27', 'User 25'),
('User 28', 'User 26'),
('User 29', 'User 31'),
('User 30', 'User 32'),
('User 31', 'User 29'),
('User 32', 'User 30'),
('User 33', 'User 35'),
('User 34', 'User 36'),
('User 35', 'User 33'),
('User 36', 'User 34'),
('User 37', 'User 39'),
('User 38', 'User 40'),
('User 39', 'User 37'),
('User 40', 'User 38'),
('User 41', 'User 43'),
('User 42', 'User 44'),
('User 43', 'User 41'),
('User 44', 'User 42'),
('User 45', 'User 47'),
('User 46', 'User 48'),
('User 47', 'User 45'),
('User 48', 'User 46'),
('User 49', 'User 51'),
('User 50', 'User 52'),
('User 51', 'User 49'),
('User 52', 'User 50'),
('User 53', 'User 55'),
('User 54', 'User 56'),
('User 55', 'User 53'),
('User 56', 'User 54'),
('User 57', 'User 59'),
('User 58', 'User 60'),
('User 59', 'User 57'),
('User 60', 'User 58'),
('User 61', 'User 63'),
('User 62', 'User 64'),
('User 63', 'User 61'),
('User 64', 'User 62'),
('User 65', 'User 67'),
('User 66', 'User 68'),
('User 67', 'User 65'),
('User 68', 'User 66'),
('User 69', 'User 71'),
('User 70', 'User 72'),
('User 71', 'User 69'),
('User 72', 'User 70'),
('User 73', 'User 75'),
('User 74', 'User 76'),
('User 75', 'User 73'),
('User 76', 'User 74'),
('User 77', 'User 79'),
('User 78', 'User 80'),
('User 79', 'User 77'),
('User 80', 'User 78'),
('User 81', 'User 83'),
('User 82', 'User 84'),
('User 83', 'User 81'),
('User 84', 'User 82'),
('User 85', 'User 87'),
('User 86', 'User 88'),
('User 87', 'User 85'),
('User 88', 'User 86'),
('User 89', 'User 91'),
('User 90', 'User 92'),
('User 91', 'User 89'),
('User 92', 'User 90'),
('User 93', 'User 95'),
('User 94', 'User 96'),
('User 95', 'User 93'),
('User 96', 'User 94'),
('User 97', 'User 99'),
('User 98', 'User 100'),
('User 99', 'User 97'),
('User 100', 'User 98');

INSERT INTO pod_3_table (username, pod_3_preference) VALUES
('User 1', 'User 4'),
('User 4', 'User 1'),
('User 2', 'User 3'),
('User 3', 'User 2'),
('User 5', 'User 8'),
('User 8', 'User 5'),
('User 6', 'User 7'),
('User 7', 'User 6'),
('User 9', 'User 12'),
('User 12', 'User 9'),
('User 10', 'User 11'),
('User 11', 'User 10'),
('User 13', 'User 16'),
('User 16', 'User 13'),
('User 14', 'User 15'),
('User 15', 'User 14'),
('User 17', 'User 20'),
('User 20', 'User 17'),
('User 18', 'User 19'),
('User 19', 'User 18'),
('User 21', 'User 24'),
('User 24', 'User 21'),
('User 22', 'User 23'),
('User 23', 'User 22'),
('User 25', 'User 28'),
('User 28', 'User 25'),
('User 26', 'User 27'),
('User 27', 'User 26'),
('User 29', 'User 32'),
('User 32', 'User 29'),
('User 30', 'User 31'),
('User 31', 'User 30'),
('User 33', 'User 36'),
('User 36', 'User 33'),
('User 34', 'User 35'),
('User 35', 'User 34'),
('User 37', 'User 40'),
('User 40', 'User 37'),
('User 38', 'User 39'),
('User 39', 'User 38'),
('User 41', 'User 44'),
('User 44', 'User 41'),
('User 42', 'User 43'),
('User 43', 'User 42'),
('User 45', 'User 48'),
('User 48', 'User 45'),
('User 46', 'User 47'),
('User 47', 'User 46'),
('User 49', 'User 52'),
('User 52', 'User 49'),
('User 50', 'User 51'),
('User 51', 'User 50'),
('User 53', 'User 56'),
('User 56', 'User 53'),
('User 54', 'User 55'),
('User 55', 'User 54'),
('User 57', 'User 60'),
('User 60', 'User 57'),
('User 58', 'User 59'),
('User 59', 'User 58'),
('User 61', 'User 64'),
('User 64', 'User 61'),
('User 62', 'User 63'),
('User 63', 'User 62'),
('User 65', 'User 68'),
('User 68', 'User 65'),
('User 66', 'User 67'),
('User 67', 'User 66'),
('User 69', 'User 72'),
('User 72', 'User 69'),
('User 70', 'User 71'),
('User 71', 'User 70'),
('User 73', 'User 76'),
('User 76', 'User 73'),
('User 74', 'User 75'),
('User 75', 'User 74'),
('User 77', 'User 80'),
('User 80', 'User 77'),
('User 78', 'User 79'),
('User 79', 'User 78'),
('User 81', 'User 84'),
('User 84', 'User 81'),
('User 82', 'User 83'),
('User 83', 'User 82'),
('User 85', 'User 88'),
('User 88', 'User 85'),
('User 86', 'User 87'),
('User 87', 'User 86'),
('User 89', 'User 92'),
('User 92', 'User 89'),
('User 90', 'User 91'),
('User 91', 'User 90'),
('User 93', 'User 96'),
('User 96', 'User 93'),
('User 94', 'User 95'),
('User 95', 'User 94'),
('User 97', 'User 100'),
('User 100', 'User 97'),
('User 98', 'User 99'),
('User 99', 'User 98');


INSERT INTO pod_4_table (username, pod_4_preference) VALUES
('User 1', 'User 5'),
('User 5', 'User 1'),
('User 2', 'User 6'),
('User 6', 'User 2'),
('User 3', 'User 7'),
('User 7', 'User 3'),
('User 4', 'User 8'),
('User 8', 'User 4'),
('User 9', 'User 13'),
('User 13', 'User 9'),
('User 10', 'User 14'),
('User 14', 'User 10'),
('User 11', 'User 15'),
('User 15', 'User 11'),
('User 12', 'User 16'),
('User 16', 'User 12'),
('User 17', 'User 21'),
('User 21', 'User 17'),
('User 18', 'User 22'),
('User 22', 'User 18'),
('User 19', 'User 23'),
('User 23', 'User 19'),
('User 20', 'User 24'),
('User 24', 'User 20'),
('User 25', 'User 29'),
('User 29', 'User 25'),
('User 26', 'User 30'),
('User 30', 'User 26'),
('User 27', 'User 31'),
('User 31', 'User 27'),
('User 28', 'User 32'),
('User 32', 'User 28'),
('User 33', 'User 37'),
('User 37', 'User 33'),
('User 34', 'User 38'),
('User 38', 'User 34'),
('User 35', 'User 39'),
('User 39', 'User 35'),
('User 36', 'User 40'),
('User 40', 'User 36'),
('User 41', 'User 45'),
('User 45', 'User 41'),
('User 42', 'User 46'),
('User 46', 'User 42'),
('User 43', 'User 47'),
('User 47', 'User 43'),
('User 44', 'User 48'),
('User 48', 'User 44'),
('User 49', 'User 53'),
('User 53', 'User 49'),
('User 50', 'User 54'),
('User 54', 'User 50'),
('User 51', 'User 55'),
('User 55', 'User 51'),
('User 52', 'User 56'),
('User 56', 'User 52'),
('User 57', 'User 61'),
('User 61', 'User 57'),
('User 58', 'User 62'),
('User 62', 'User 58'),
('User 59', 'User 63'),
('User 63', 'User 59'),
('User 60', 'User 64'),
('User 64', 'User 60'),
('User 65', 'User 69'),
('User 69', 'User 65'),
('User 66', 'User 70'),
('User 70', 'User 66'),
('User 67', 'User 71'),
('User 71', 'User 67'),
('User 68', 'User 72'),
('User 72', 'User 68'),
('User 73', 'User 77'),
('User 77', 'User 73'),
('User 74', 'User 78'),
('User 78', 'User 74'),
('User 75', 'User 79'),
('User 79', 'User 75'),
('User 76', 'User 80'),
('User 80', 'User 76'),
('User 81', 'User 85'),
('User 85', 'User 81'),
('User 82', 'User 86'),
('User 86', 'User 82'),
('User 83', 'User 87'),
('User 87', 'User 83'),
('User 84', 'User 88'),
('User 88', 'User 84'),
('User 89', 'User 93'),
('User 93', 'User 89'),
('User 90', 'User 94'),
('User 94', 'User 90'),
('User 91', 'User 95'),
('User 95', 'User 91'),
('User 92', 'User 96'),
('User 96', 'User 92');


INSERT INTO pod_5_table (username, pod_5_preference) VALUES
('User 1', 'User 6'),
('User 6', 'User 1'),
('User 2', 'User 7'),
('User 7', 'User 2'),
('User 3', 'User 8'),
('User 8', 'User 3'),
('User 4', 'User 9'),
('User 9', 'User 4'),
('User 5', 'User 10'),
('User 10', 'User 5'),
('User 11', 'User 16'),
('User 16', 'User 11'),
('User 12', 'User 17'),
('User 17', 'User 12'),
('User 13', 'User 18'),
('User 18', 'User 13'),
('User 14', 'User 19'),
('User 19', 'User 14'),
('User 15', 'User 20'),
('User 20', 'User 15'),
('User 21', 'User 26'),
('User 26', 'User 21'),
('User 22', 'User 27'),
('User 27', 'User 22'),
('User 23', 'User 28'),
('User 28', 'User 23'),
('User 24', 'User 29'),
('User 29', 'User 24'),
('User 25', 'User 30'),
('User 30', 'User 25'),
('User 31', 'User 36'),
('User 36', 'User 31'),
('User 32', 'User 37'),
('User 37', 'User 32'),
('User 33', 'User 38'),
('User 38', 'User 33'),
('User 34', 'User 39'),
('User 39', 'User 34'),
('User 35', 'User 40'),
('User 40', 'User 35'),
('User 41', 'User 46'),
('User 46', 'User 41'),
('User 42', 'User 47'),
('User 47', 'User 42'),
('User 43', 'User 48'),
('User 48', 'User 43'),
('User 44', 'User 49'),
('User 49', 'User 44'),
('User 45', 'User 50'),
('User 50', 'User 45'),
('User 51', 'User 56'),
('User 56', 'User 51'),
('User 52', 'User 57'),
('User 57', 'User 52'),
('User 53', 'User 58'),
('User 58', 'User 53'),
('User 54', 'User 59'),
('User 59', 'User 54'),
('User 55', 'User 60'),
('User 60', 'User 55'),
('User 61', 'User 66'),
('User 66', 'User 61'),
('User 62', 'User 67'),
('User 67', 'User 62'),
('User 63', 'User 68'),
('User 68', 'User 63'),
('User 64', 'User 69'),
('User 69', 'User 64'),
('User 65', 'User 70'),
('User 70', 'User 65'),
('User 71', 'User 76'),
('User 76', 'User 71'),
('User 72', 'User 77'),
('User 77', 'User 72'),
('User 73', 'User 78'),
('User 78', 'User 73'),
('User 74', 'User 79'),
('User 79', 'User 74'),
('User 75', 'User 80'),
('User 80', 'User 75'),
('User 81', 'User 86'),
('User 86', 'User 81'),
('User 82', 'User 87'),
('User 87', 'User 82'),
('User 83', 'User 88'),
('User 88', 'User 83'),
('User 84', 'User 89'),
('User 89', 'User 84'),
('User 85', 'User 90'),
('User 90', 'User 85'),
('User 91', 'User 96'),
('User 96', 'User 91'),
('User 92', 'User 97'),
('User 97', 'User 92'),
('User 93', 'User 98'),
('User 98', 'User 93'),
('User 94', 'User 99'),
('User 99', 'User 94'),
('User 95', 'User 100'),
('User 100', 'User 95');


INSERT INTO pod_6_table (username, pod_6_preference) VALUES
('User 1', 'User 7'),
('User 7', 'User 1'),
('User 2', 'User 8'),
('User 8', 'User 2'),
('User 3', 'User 9'),
('User 9', 'User 3'),
('User 4', 'User 10'),
('User 10', 'User 4'),
('User 5', 'User 11'),
('User 11', 'User 5'),
('User 6', 'User 12'),
('User 12', 'User 6'),
('User 13', 'User 19'),
('User 19', 'User 13'),
('User 14', 'User 20'),
('User 20', 'User 14'),
('User 15', 'User 21'),
('User 21', 'User 15'),
('User 16', 'User 22'),
('User 22', 'User 16'),
('User 17', 'User 23'),
('User 23', 'User 17'),
('User 18', 'User 24'),
('User 24', 'User 18'),
('User 25', 'User 31'),
('User 31', 'User 25'),
('User 26', 'User 32'),
('User 32', 'User 26'),
('User 27', 'User 33'),
('User 33', 'User 27'),
('User 28', 'User 34'),
('User 34', 'User 28'),
('User 29', 'User 35'),
('User 35', 'User 29'),
('User 30', 'User 36'),
('User 36', 'User 30'),
('User 37', 'User 43'),
('User 43', 'User 37'),
('User 38', 'User 44'),
('User 44', 'User 38'),
('User 39', 'User 45'),
('User 45', 'User 39'),
('User 40', 'User 46'),
('User 46', 'User 40'),
('User 41', 'User 47'),
('User 47', 'User 41'),
('User 42', 'User 48'),
('User 48', 'User 42'),
('User 49', 'User 55'),
('User 55', 'User 49'),
('User 50', 'User 56'),
('User 56', 'User 50'),
('User 51', 'User 57'),
('User 57', 'User 51'),
('User 52', 'User 58'),
('User 58', 'User 52'),
('User 53', 'User 59'),
('User 59', 'User 53'),
('User 54', 'User 60'),
('User 60', 'User 54'),
('User 61', 'User 67'),
('User 67', 'User 61'),
('User 62', 'User 68'),
('User 68', 'User 62'),
('User 63', 'User 69'),
('User 69', 'User 63'),
('User 64', 'User 70'),
('User 70', 'User 64'),
('User 65', 'User 71'),
('User 71', 'User 65'),
('User 66', 'User 72'),
('User 72', 'User 66'),
('User 73', 'User 79'),
('User 79', 'User 73'),
('User 74', 'User 80'),
('User 80', 'User 74'),
('User 75', 'User 81'),
('User 81', 'User 75'),
('User 76', 'User 82'),
('User 82', 'User 76'),
('User 77', 'User 83'),
('User 83', 'User 77'),
('User 78', 'User 84'),
('User 84', 'User 78'),
('User 85', 'User 91'),
('User 91', 'User 85'),
('User 86', 'User 92'),
('User 92', 'User 86'),
('User 87', 'User 93'),
('User 93', 'User 87'),
('User 88', 'User 94'),
('User 94', 'User 88'),
('User 89', 'User 95'),
('User 95', 'User 89'),
('User 90', 'User 96'),
('User 96', 'User 90');


INSERT INTO choices (user_id, gender, degree, branch, study_year, floor, lift, mess, window_p)
VALUES
  (1, 'MALE', 'Bachelors', 'Computer Science', 'First', 'Ground', 'near', 'near', 'outside facing'),
  (2, 'MALE', 'Bachelors', 'Computer Science', 'First', 'Ground', 'near', 'near', 'outside facing'),
  (3, 'FEMALE', 'Masters', 'Electronics and Communication', 'Second', 'First', 'very near', 'near', 'inside facing'),
  (4, 'FEMALE', 'Masters', 'Electronics and Communication', 'Second', 'First', 'very near', 'near', 'inside facing'),
  (5, 'MALE', 'Bachelors', 'Mechanical', 'Third', 'Basement', 'far', 'very far', 'inside facing'),
  (6, 'MALE', 'Bachelors', 'Mechanical', 'Third', 'Basement', 'far', 'very far', 'inside facing'),
  (7, 'FEMALE', 'Bachelors', 'Civil', 'Fourth', 'Ground', 'near', 'near', 'outside facing'),
  (8, 'FEMALE', 'Bachelors', 'Civil', 'Fourth', 'Ground', 'near', 'near', 'outside facing'),
  (9, 'MALE', 'Masters', 'Chemical', 'Fifth', 'First', 'very near', 'near', 'outside facing'),
  (10, 'MALE', 'Masters', 'Chemical', 'Fifth', 'First', 'very near', 'near', 'outside facing'),
  (11, 'MALE', 'Bachelors', 'Computer Science', 'First', 'Ground', 'near', 'near', 'outside facing'),
  (12, 'MALE', 'Bachelors', 'Computer Science', 'First', 'Ground', 'near', 'near', 'outside facing'),
  (13, 'FEMALE', 'Masters', 'Electronics and Communication', 'Second', 'First', 'very near', 'near', 'inside facing'),
  (14, 'FEMALE', 'Masters', 'Electronics and Communication', 'Second', 'First', 'very near', 'near', 'inside facing'),
  (15, 'MALE', 'Bachelors', 'Mechanical', 'Third', 'Basement', 'far', 'very far', 'inside facing'),
  (16, 'MALE', 'Bachelors', 'Mechanical', 'Third', 'Basement', 'far', 'very far', 'inside facing'),
  (17, 'FEMALE', 'Bachelors', 'Civil', 'Fourth', 'Ground', 'near', 'near', 'outside facing'),
  (18, 'FEMALE', 'Bachelors', 'Civil', 'Fourth', 'Ground', 'near', 'near', 'outside facing'),
  (19, 'MALE', 'Masters', 'Chemical', 'Fifth', 'First', 'very near', 'near', 'outside facing'),
  (20, 'MALE', 'Masters', 'Chemical', 'Fifth', 'First', 'very near', 'near', 'outside facing'),
  (21, 'MALE', 'Bachelors', 'Bio Technology', 'First', 'Ground', 'near', 'near', 'inside facing'),
  (22, 'FEMALE', 'Masters', 'Production', 'Second', 'First', 'very near', 'near', 'inside facing'),
  (23, 'MALE', 'Bachelors', 'Material Science', 'Third', 'Basement', 'far', 'very far', 'outside facing'),
  (24, 'FEMALE', 'Masters', 'Engineering Physics', 'Fourth', 'Ground', 'near', 'near', 'outside facing'),
  (25, 'MALE', 'Bachelors', 'Architecture', 'Fifth', 'First', 'very near', 'near', 'inside facing'),
  (26, 'FEMALE', 'Masters', 'Chemical', 'First', 'Basement', 'far', 'very far', 'inside facing'),
  (27, 'MALE', 'Bachelors', 'Civil', 'Second', 'Ground', 'near', 'near', 'outside facing'),
  (28, 'FEMALE', 'Masters', 'Mechanical', 'Third', 'First', 'very near', 'near', 'inside facing'),
  (29, 'MALE', 'Bachelors', 'Computer Science', 'Fourth', 'Basement', 'far', 'very far', 'outside facing'),
  (30, 'FEMALE', 'Masters', 'Electronics and Communication', 'Fifth', 'Ground', 'near', 'near', 'inside facing');

